group_type,group_value,total_claims,avg_claim_amount,avg_policy_premium,fraud_cases,fraud_rate_pct
incident_state,OH,23,49770.43478,1210.506953,10,43.47826087
incident_state,NC,110,49283.90909,1238.647637,34,30.90909091
incident_state,SC,248,54589.31452,1240.556092,73,29.43548387
incident_state,PA,30,49571.66667,1237.76334,8,26.66666667
incident_state,VA,110,49997.90909,1293.561549,25,22.72727273
incident_state,NY,262,56388.43511,1254.098394,58,22.13740458
incident_state,WV,217,50217.28111,1274.916544,39,17.97235023
incident_type,Single Vehicle Collision,403,64445.45906,1274.364891,117,29.03225806
incident_type,Multi-vehicle Collision,419,61637.01671,1242.755727,114,27.20763723
incident_type,Parked Car,84,5308.214286,1231.2925,8,9.523809524
incident_type,Vehicle Theft,94,5517.234043,1262.70085,8,8.510638298
collision_type,Rear Collision,292,61705.0,1256.752156,91,31.16438356
collision_type,Front Collision,254,64658.26772,1246.415908,70,27.55905512
collision_type,Side Collision,276,62885.39855,1270.733443,70,25.36231884
collision_type,?,178,5418.595506,1247.878932,16,8.988764045
auto_make,Mercedes,65,52372.15385,1193.971081,22,33.84615385
auto_make,Ford,72,56570.13889,1250.169722,22,30.55555556
auto_make,Audi,69,54383.76812,1271.047249,21,30.43478261
auto_make,Volkswagen,68,50854.85294,1277.58692,19,27.94117647
auto_make,BMW,72,55905.27778,1243.818471,20,27.77777778
auto_make,Chevrolet,76,52746.57895,1267.781572,21,27.63157895
auto_make,Honda,55,51714.90909,1228.302547,14,25.45454545
auto_make,Dodge,80,55944.375,1253.857253,20,25.0
auto_make,Suburu,80,53730.125,1224.760501,19,23.75
auto_make,Saab,80,51445.375,1319.875497,18,22.5
auto_make,Accura,68,52518.82353,1262.865297,13,19.11764706
auto_make,Toyota,70,46523.71429,1260.73729,13,18.57142857
auto_make,Nissan,78,51545.25641,1216.958455,14,17.94871795
auto_make,Jeep,67,51608.80597,1310.686567,11,16.41791045
